Year,Accessories,Appliances,Art,Binders,Bookcases,Chairs,Copiers,Envelopes,Fasteners,Furnishings,Labels,Machines,Paper,Phones,Storage,Supplies,Tables
2014,25014.272,15313.625,6057.982,43488.265,20036.6776,77241.576,10849.782,3855.75,661.328,13826.234,2841.394,62023.373,14834.956,77390.806,50329.042,14394.07,46088.3655
2015,40523.96,23241.289,6236.834,37453.098,38543.5725,71734.529,26179.45,4512.188,545.224,21089.712,2956.462,27763.697,15287.637999999999,68313.702,45048.248,1952.482,39150.4235
2016,41895.854,26050.315,5960.908,49683.325,26275.4665,83918.645,49599.41,4729.89,960.134,27874.124,2827.24,55906.886,20661.894,78962.03,58788.7,14277.576000000001,60833.2005
2017,59946.232,42926.932,8863.068,72788.045,30024.2797,95554.353,62899.388,3378.574,857.594,28915.094,3861.216,43544.675,27694.718,105340.516,69677.618,16049.41,60893.5425
